Date,Open,High,Low,Close,Adj Close,Volume,,Periodic Daily Return,Random Value,Next Days Price,Difference,Percent Difference,,
2021-01-08,1777.160034,1799.359985,1761.219971,1797.829956,1797.829956,1774200,,0.013151835,0.021453934,1839.758797,,,,
2021-01-11,1777.02002,1784.380005,1752.140015,1756.290039,1756.290039,1739800,,-0.023376706,-0.009307369,1742.806013,-83.46875764,4.642248282,Average Daily Return,0.001717998
2021-01-12,1745.359985,1767.900024,1716.380005,1737.430054,1737.430054,1476400,,-0.010796611,0.0056617,1750.092991,-5.375959114,0.30894221,,
2021-01-13,1727.319946,1756.390015,1727.319946,1747.25,1747.25,1171600,,0.005636082,0.017238881,1780.478568,-2.84299066,0.162580031,Variance,0.000235631
2021-01-14,1748.869995,1767.550049,1726.069946,1730.920044,1730.920044,1460600,,-0.009390039,0.015644943,1761.028846,-49.55852434,2.822722784,,
2021-01-15,1729.02002,1747.619995,1711.709961,1727.619995,1727.619995,1572200,,-0.001908349,0.012926933,1752.900513,-33.40885107,1.915288846,Drift,0.001600183
2021-01-19,1743,1803.839966,1732.829956,1784.469971,1784.469971,2083000,,0.0323767,-0.017308588,1756.657808,31.56945837,1.784911053,,
2021-01-20,1826.369995,1899.719971,1819.51001,1880.069946,1880.069946,3207600,,0.052187545,-0.029215335,1828.861842,123.4121383,6.786988008,Sigma,0.015350266
2021-01-21,1893.650024,1932.079956,1879.410034,1884.150024,1884.150024,2931700,,0.002167822,-0.008393922,1871.392983,55.28818244,2.978077337,,
2021-01-22,1891.459961,1904.390015,1876.5,1892.560059,1892.560059,1637200,,0.004453638,0.020085442,1934.049644,21.16707626,1.124725842,,
2021-01-25,1912.73999,1921.819946,1859.160034,1894.280029,1894.280029,2529300,,0.000908393,-0.028601336,1843.816635,-39.76961496,2.077648393,,
2021-01-26,1885.98999,1915.75,1876.130005,1907.949951,1907.949951,1573100,,0.007190507,0.017497993,1944.738493,64.13331582,3.418832933,,
2021-01-27,1874.910034,1880.469971,1797.280029,1818.939941,1818.939941,4125600,,-0.04777546,-0.015504241,1793.824304,-125.7985524,6.684872504,,
2021-01-28,1831,1887.98999,1831,1853.199951,1853.199951,2763900,,0.018659967,-0.025962756,1808.596763,59.37564725,3.256114745,,
2021-01-29,1834.02002,1847.540039,1801.560059,1827.359985,1827.359985,2226500,,-0.014041554,-0.000515203,1829.34371,18.76322247,1.032092722,,
2021-02-01,1844.589966,1915.540039,1844.589966,1893.069946,1893.069946,2012600,,0.035327527,-0.00484292,1886.94116,63.72623586,3.423920163,,
2021-02-02,1913.130005,1949.369995,1906.369995,1919.119995,1919.119995,3316600,,0.013666924,0.005266666,1932.343653,32.17883459,1.690925778,,
2021-02-03,2065.610107,2106.620117,2013.550049,2058.879883,2058.879883,4894100,,0.070295344,-0.000681212,2060.772803,126.5362305,6.340723807,,
2021-02-04,2060.620117,2069.300049,2035.099976,2053.629883,2053.629883,2429800,,-0.002553187,0.013893274,2085.69547,-7.14291972,0.347215393,,
2021-02-05,2059.560059,2095.939941,2050,2088.830078,2088.830078,1493300,,0.016995236,0.012815373,2119.15981,3.134608,0.150177929,,
2021-02-08,2100,2115,2063.350098,2084.52002,2084.52002,1441400,,-0.002065515,-0.005857552,2075.664313,-34.63979005,1.648069856,,
2021-02-09,2074.800049,2098.51001,2070,2075.389893,2075.389893,1094600,,-0.004389586,0.015921186,2112.074004,-0.274419537,0.013221679,,
2021-02-10,2083.139893,2098.879883,2052.23999,2086.47998,2086.47998,1255100,,0.00532939,0.004505774,2099.258912,-25.59402418,1.219182808,,
2021-02-11,2091,2094,2068.860107,2088.75,2088.75,1024000,,0.001087375,0.024717884,2144.451626,-10.50891152,0.501857171,,
2021-02-12,2079.77002,2099.5,2073.570068,2095.030029,2095.030029,949500,,0.003002086,0.008984107,2117.3222,-49.42159711,2.331492439,,
2021-02-16,2091.75,2145.139893,2091.75,2110.699951,2110.699951,1550200,,0.007451736,-0.010985743,2090.982523,-6.622248627,0.313255153,,
2021-02-17,2093.97998,2122.439941,2088.350098,2118.620117,2118.620117,1014700,,0.003745366,-0.001368696,2119.110606,27.63759353,1.313073745,,
2021-02-18,2105,2121.98999,2093.330078,2105.810059,2105.810059,1127300,,-0.006064769,0.005385782,2120.572679,-13.30054693,0.629623512,,
2021-02-19,2107.790039,2118.580078,2083.429932,2088.810059,2088.810059,1896900,,-0.008105665,-0.010071987,2071.188817,-31.7626203,1.509134344,,
2021-02-22,2053.600098,2080.330078,2048,2054.26001,2054.26001,1473300,,-0.016678863,-0.020312373,2016.177719,-16.92880657,0.820701324,,
2021-02-23,2013.98999,2072.5,1990.22998,2060.120117,2060.120117,1732900,,0.0028486,0.001999277,2067.548798,43.94239837,2.155995472,,
2021-02-24,2030.040039,2088.320068,2027.530029,2083.810059,2083.810059,1130400,,0.011433687,0.016807528,2122.523452,16.2612607,0.783418695,,
2021-02-25,2055.929932,2083,2006.48999,2015.949951,2015.949951,2077400,,-0.033107453,0.0060727,2031.477594,-106.5735009,5.150377472,,
2021-02-26,2029.949951,2056.52002,2001.01001,2021.910034,2021.910034,2002100,,0.002952102,-0.002901724,2019.280145,-9.567560116,0.472077235,,
2021-03-01,2048,2076.22998,2034.420044,2069.659912,2069.659912,1303000,,0.023341674,0.012809756,2099.699499,50.37976653,2.464196873,,
2021-03-02,2064.840088,2094.73999,2056.669922,2064.47998,2064.47998,1278200,,-0.002505931,0.00269399,2073.364276,-35.21951935,1.691546655,,
2021-03-03,2051.949951,2075.98999,1994,2011.410034,2011.410034,1694600,,-0.026042383,0.007495071,2029.787768,-61.95424211,3.03342302,,
2021-03-04,2014.869995,2074.590088,2005.430054,2033.930054,2033.930054,2460800,,0.011133923,-0.014824887,2007.209009,4.142286379,0.203866831,,
2021-03-05,2061.149902,2106.199951,2027.780029,2097.070068,2097.070068,2655000,,0.030571256,-0.000960526,2098.411903,89.86105865,4.378896121,,
2021-03-08,2084.060059,2113.73999,2005.189941,2007.5,2007.5,1843400,,-0.043650998,0.01766848,2046.55692,-90.9119029,4.428341623,,
2021-03-09,2049.75,2063.919922,2035.599976,2040.359985,2040.359985,1696000,,0.016236089,0.029232904,2104.25049,-6.196934713,0.303257192,,
2021-03-10,2061.399902,2061.399902,2019.329956,2036.189941,2036.189941,1355000,,-0.00204587,-0.000853898,2037.710086,-68.06054892,3.287599474,,
2021-03-11,2058.219971,2111.27002,2056.449951,2100.540039,2100.540039,1385100,,0.031114088,-0.015173446,2072.221478,62.829953,3.036546903,,
2021-03-12,2076.409912,2077.610107,2032.420044,2050,2050,1690900,,-0.02435468,-0.016806618,2019.062627,-22.22147843,1.078131223,,
2021-03-15,2044.97998,2054.98999,2027.790039,2054.439941,2054.439941,1308400,,0.002163483,-0.014928961,2027.238451,35.37731388,1.736948156,,
2021-03-16,2065.98999,2113.679932,2059.290039,2083.889893,2083.889893,1595000,,0.014233012,0.00989829,2107.989734,56.65144226,2.756004558,,
2021-03-17,2068.469971,2099,2044.119995,2082.219971,2082.219971,1319100,,-0.00080167,-0.01786305,2048.630971,-25.76976349,1.22999875,,
2021-03-18,2048.179932,2068.75,2019.180054,2021.339966,2021.339966,1585000,,-0.029673977,0.003085769,2030.834094,-27.29100548,1.341090927,,
2021-03-19,2029.72998,2037.040039,2002.930054,2026.959961,2026.959961,2303600,,0.002776473,-0.010250489,2009.501755,-3.874133018,0.19094774,,
2021-03-22,2027.630005,2048.340088,2014,2030.689941,2030.689941,1676800,,0.001838493,0.023988956,2083.324108,21.18818581,1.048870321,,
2021-03-23,2039.949951,2064.110107,2028,2041.329956,2041.329956,1425500,,0.005225927,-0.025920624,1992.282753,-41.99415205,2.036250866,,
2021-03-24,2051.76001,2067.600098,2029,2032.530029,2032.530029,1260900,,-0.004320198,-0.055237687,1926.382385,40.24727572,1.999957658,,
2021-03-25,2029.050049,2045.640015,1996.089966,2032.459961,2032.459961,1780800,,-3.44739E-05,0.033268487,2104.579181,106.0775761,5.359019975,,
2021-03-26,2031.790039,2039.390015,2003.849976,2024.72998,2024.72998,1398900,,-0.003810514,0.017751546,2064.293583,-79.84920067,3.867436298,,
2021-03-29,2022.160034,2049.209961,2005.449951,2045.790039,2045.790039,1324600,,0.010347694,0.006052522,2061.505923,-18.50354381,0.900397438,,
2021-03-30,2052.97998,2062.669922,2036.150024,2046.469971,2046.469971,1365600,,0.000332301,-0.006840507,2035.773856,-15.03595214,0.732037019,,
2021-03-31,2054.399902,2086.26001,2047,2062.52002,2062.52002,2128500,,0.007812202,0.026549496,2121.404192,26.7461644,1.305234091,,
2021-04-01,2092.25,2135.75,2091.429932,2129.780029,2129.780029,1994000,,0.032090156,-0.020136333,2090.66574,8.375836746,0.394047226,,
2021-04-05,2147.149902,2228.98999,2145.209961,2218.959961,2218.959961,2425500,,0.041019898,0.027718729,2284.980548,128.2942205,5.953845155,,
2021-04-06,2210.919922,2228,2201.790039,2209.26001,2209.26001,1762000,,-0.004380978,0.008878309,2232.531434,-75.7205382,3.369670013,,
2021-04-07,2213.100098,2244.5,2213.100098,2239.030029,2239.030029,1206700,,0.013385127,-0.016198998,2206.580284,6.498594792,0.290663333,,
2021-04-08,2264,2271.790039,2243.01001,2250.429932,2250.429932,1433200,,0.00507853,-0.001459091,2250.747471,43.84964784,1.967670959,,
2021-04-09,2245.439941,2273.969971,2237.26001,2270.669922,2270.669922,1307300,,0.008953629,-0.020016907,2229.234346,19.92245105,0.881248039,,
2021-04-12,2254.120117,2256.889893,2227.820068,2244.620117,2244.620117,1251200,,-0.011538614,0.005253817,2260.057586,15.38577083,0.687808285,,
2021-04-13,2250.98999,2263.469971,2243.050049,2254.429932,2254.429932,1284100,,0.004360845,-0.019393964,2214.669888,-5.627653999,0.249315298,,
2021-04-14,2267.429932,2267.429932,2236.02002,2241.909912,2241.909912,1050100,,-0.005568997,0.027649777,2308.454151,27.24002354,1.222463179,,
2021-04-15,2261.949951,2296,2251.169922,2285.25,2285.25,1458700,,0.019147286,0.004509693,2299.255335,-23.20415098,1.010258833,,
2021-04-16,2289.23999,2294.23999,2270.919922,2282.75,2282.75,1314100,,-0.001094571,0.012937492,2316.178273,-16.50533454,0.720441525,,
2021-04-19,2270.179932,2304.090088,2270.179932,2289.76001,2289.76001,1514500,,0.003066156,-0.01515517,2258.931752,-26.41826336,1.147139268,,
2021-04-20,2297.48999,2299,2257.120117,2279.01001,2279.01001,1114400,,-0.00470587,0.00832869,2301.750718,20.07825837,0.884905952,,
2021-04-21,2272.050049,2280,2244.820068,2278.350098,2278.350098,1160200,,-0.000289603,0.048429411,2395.234489,-23.40061978,1.021838633,,
2021-04-22,2275.399902,2288.879883,2240.320068,2252.52002,2252.52002,1207300,,-0.011401941,-0.007781762,2238.638838,-142.7144689,6.141222332,,
2021-04-23,2267,2306.120117,2261.25,2299.929932,2299.929932,1453300,,0.02082906,-0.008910469,2283.178091,61.29109438,2.700899667,,
2021-04-26,2304.52002,2324.530029,2297.320068,2309.929932,2309.929932,1601900,,0.004338533,0.013743491,2345.64605,26.75184142,1.164868812,,
2021-04-27,2317.629883,2318.449951,2286.159912,2290.97998,2290.97998,2219300,,-0.008237527,0.001627736,2298.387025,-54.66607,2.358010745,,
2021-04-28,2392.5,2431.379883,2353.219971,2359.040039,2359.040039,4055300,,0.029275108,0.00408168,2372.481932,60.65301442,2.604571734,,
2021-04-29,2389.22998,2404.159912,2373.850098,2392.76001,2392.76001,2061700,,0.014192742,0.013474786,2429.104046,20.27807798,0.85108283,,
2021-04-30,2368.02002,2381.850098,2346.560059,2353.5,2353.5,2242800,,-0.016543934,-0.026480757,2295.666022,-75.60404619,3.161626823,,
2021-05-03,2364.909912,2381.550049,2335.5,2343.080078,2343.080078,1412100,,-0.004437245,0.01059213,2371.822506,47.41405579,2.044261737,,
2021-05-04,2313.550049,2324.98999,2256.679932,2306.830078,2306.830078,2240900,,-0.015592015,-0.011946917,2283.084974,-64.99242792,2.77825407,,
2021-05-05,2328.629883,2335,2308.280029,2314.77002,2314.77002,1331800,,0.003436018,0.000690439,2320.078361,31.6850459,1.378253379,,
2021-05-06,2306.330078,2337.350098,2293.040039,2337.350098,2337.350098,1259500,,0.009707512,0.001919089,2345.590359,17.27173738,0.741685569,,
2021-05-07,2363.889893,2371.25,2346.159912,2351.929932,2351.929932,1444900,,0.006218388,0.003150704,2363.13027,6.339573268,0.26991148,,
2021-05-10,2328.139893,2331,2284.540039,2291.75,2291.75,1545700,,-0.025920521,0.005475933,2308.0242,-71.3802698,3.066900357,,
2021-05-11,2243.070068,2280.280029,2233.919922,2270.060059,2270.060059,1709300,,-0.009509429,-0.033873591,2197.967084,-37.96414113,1.658516488,,
2021-05-12,2226.189941,2247.97998,2193.620117,2200.25,2200.25,2318800,,-0.031235299,-0.01119074,2179.249241,2.282916375,0.103810991,,
2021-05-13,2226.120117,2239.439941,2206.719971,2229.040039,2229.040039,1660200,,0.013000027,0.001599384,2236.183424,49.79079774,2.258962358,,
2021-05-14,2258.540039,2284.719971,2250,2278.379883,2278.379883,1599800,,0.021893596,-0.003776579,2273.426617,42.19645912,1.869348429,,
2021-05-17,2263.570068,2289.780029,2255.51001,2288.919922,2288.919922,1079900,,0.004615444,0.019206957,2337.044733,15.49330463,0.679181404,,
2021-05-18,2302.350098,2307.679932,2262.189941,2262.469971,2262.469971,1110200,,-0.011622933,0.026090013,2325.99364,-74.57476184,3.242723054,,
2021-05-19,2228.429932,2274.98999,2225.439941,2271.5,2271.5,1184200,,0.003983282,-0.009901341,2252.721966,-54.49363978,2.370580323,,
2021-05-20,2291,2312,2283.52002,2306.949951,2306.949951,1617600,,0.015485878,-0.002264279,2305.418423,54.22798484,2.378591523,,
2021-05-21,2317.409912,2318.889893,2289.300049,2294.129883,2294.129883,2031600,,-0.005572649,-0.008348143,2278.7013,-11.28853961,0.490854269,,
2021-05-24,2314.889893,2365.550049,2311.959961,2361.040039,2361.040039,1591600,,0.028748581,0.016580885,2404.358866,82.33873936,3.549281451,,
2021-05-25,2372,2384,2355,2362.870117,2362.870117,1122000,,0.000774815,-0.003710821,2357.888212,-41.48874925,1.740581348,,
2021-05-26,2366.52002,2388.98999,2366.459961,2380.310059,2380.310059,1078600,,0.007353725,-0.01051074,2359.194387,22.42184671,0.94642923,,
2021-05-27,2389.050049,2389.050049,2356.26001,2362.679932,2362.679932,1761200,,-0.007434217,0.000137293,2366.788599,3.48554511,0.147633964,,
2021-05-28,2374.419922,2376.070068,2352.850098,2356.850098,2356.850098,1074100,,-0.002470516,-0.021168584,2311.178626,-9.938500994,0.420798526,,
2021-06-01,2374.439941,2385.709961,2354.280029,2381.179932,2381.179932,1167700,,0.010270111,0.018531953,2429.603975,70.00130636,2.983629895,,
2021-06-02,2389.149902,2393.639893,2352.360107,2370.590088,2370.590088,1057900,,-0.004457228,0.005328673,2387.072601,-59.01388679,2.458812541,,
2021-06-03,2345.72998,2357.02002,2329.52002,2347.580078,2347.580078,934800,,-0.009753863,-0.014527545,2317.427377,-39.49252277,1.66823315,,
2021-06-04,2369.27002,2399.030029,2362.409912,2393.570068,2393.570068,1222900,,0.01940096,0.009028382,2419.14596,76.14269057,3.232550705,,
2021-06-07,2389.439941,2404.51001,2381,2402.300049,2402.300049,1206000,,0.003640628,-0.008411454,2385.992931,-16.84591136,0.698790833,,
2021-06-08,2412.01001,2419.52002,2394.780029,2398.439941,2398.439941,1212000,,-0.001608131,0.050896809,2527.714395,12.44700972,0.520312858,,
2021-06-09,2411.429932,2412.879883,2396.899902,2407.939941,2407.939941,897100,,0.003953084,-0.008496413,2391.391359,-119.7744536,4.853437679,,
2021-06-10,2406.919922,2436,2403.780029,2435.129883,2435.129883,1295200,,0.011228509,0.056161382,2579.928434,43.73852398,1.812424385,,
2021-06-11,2440,2441.719971,2418.959961,2430.199951,2430.199951,1097900,,-0.002026557,0.023911301,2492.995555,-149.7284828,5.977031777,,
2021-06-14,2432.26001,2448.919922,2418,2448.909912,2448.909912,1104900,,0.007669453,0.01500413,2489.911841,-44.08564335,1.784155672,,
2021-06-15,2449,2455.51001,2421.120117,2428.389893,2428.389893,1078100,,-0.008414549,0.020262232,2482.064956,-61.5219484,2.501755757,,
2021-06-16,2431.439941,2437.719971,2389.399902,2415.449951,2415.449951,1323600,,-0.005342857,0.026578021,2484.481009,-66.61500456,2.720359441,,
2021-06-17,2413.949951,2450.449951,2410,2434.870117,2434.870117,1292100,,0.00800783,0.005707857,2452.729423,-49.61089216,2.016968941,,
2021-06-18,2427.340088,2432.060059,2400.300049,2402.219971,2402.219971,2305800,,-0.013500117,0.030250035,2479.96269,-50.50945151,2.080740598,,
2021-06-21,2410.01001,2440,2397.969971,2436.25,2436.25,1370700,,0.014066674,-0.005001804,2427.97688,-43.71268997,1.77830752,,
2021-06-22,2435,2448,2421.280029,2446.610107,2446.610107,1119500,,0.004243465,0.028789482,2522.10306,18.63322744,0.764504869,,
2021-06-23,2441.870117,2461.909912,2436.689941,2442.540039,2442.540039,957400,,-0.001664939,-0.001217741,2443.474346,-79.56302131,3.20518594,,
2021-06-24,2454,2461.110107,2446,2450,2450,1068100,,0.003049527,-0.008731001,2432.591638,6.525654288,0.26670843,,
2021-06-25,2440,2452.659912,2431.300049,2450.169922,2450.169922,1729700,,6.93535E-05,-0.015720841,2415.815038,17.57828409,0.720014028,,
2021-06-28,2453.570068,2455.699951,2428.110107,2450.719971,2450.719971,1426300,,0.000224469,-0.001135897,2451.858068,34.90493334,1.434488123,,
2021-06-29,2453.409912,2460.419922,2433.820068,2445.449951,2445.449951,1155400,,-0.002152712,0.012695374,2480.660095,-6.408117414,0.261699586,,
2021-06-30,2439.889893,2445.139893,2427.090088,2441.790039,2441.790039,1223700,,-0.001497742,0.018806128,2492.129843,-38.87005561,1.57929708,,
2021-07-01,2434.5,2451.73999,2430.629883,2448.889893,2448.889893,905500,,0.002903424,0.007771306,2471.947511,-43.23995008,1.750243974,,
2021-07-02,2463,2508.080078,2461.189941,2505.149902,2505.149902,1299100,,0.022713757,0.009768158,2533.791796,33.20239108,1.334207002,,
2021-07-06,2512.969971,2528.560059,2491.649902,2523.800049,2523.800049,1320200,,0.007417148,-0.023086645,2470.150943,-9.991746618,0.395118741,,
2021-07-07,2543.23999,2545.679932,2523.060059,2529.47998,2529.47998,1203000,,0.002248018,-0.011494013,2504.57713,59.32903707,2.373336672,,
2021-07-08,2480.52002,2511.909912,2480.439941,2500.879883,2500.879883,1189500,,-0.011371117,0.003046944,2512.528835,-3.697246874,0.147728644,,
2021-07-09,2500.5,2514.689941,2491.030029,2510.370117,2510.370117,931600,,0.003787576,0.016444495,2556.080108,-2.158717987,0.085955063,,
2021-07-12,2523.560059,2541.389893,2512.219971,2539.51001,2539.51001,883400,,0.011540954,-0.026997248,2475.826024,-16.57009789,0.650370124,,
2021-07-13,2540.77002,2561.149902,2533.48999,2546.830078,2546.830078,962000,,0.002878326,0.008768014,2573.37348,71.00405417,2.827350817,,
2021-07-14,2559.159912,2586.530029,2558.290039,2564.73999,2564.73999,1187100,,0.007007626,0.002988301,2576.535298,-8.633489861,0.3360568,,
2021-07-15,2572.97998,2574,2530.600098,2540.100098,2540.100098,1210900,,-0.009653616,0.01791509,2590.1577,-36.43519958,1.424185886,,
2021-07-16,2553.26001,2556.22998,2523.070068,2539.399902,2539.399902,1021200,,-0.000275695,0.015140685,2582.269495,-50.7577977,1.979032175,,
2021-07-19,2521.790039,2524.100098,2470.100098,2491.560059,2491.560059,1398400,,-0.01901875,0.003840896,2505.153782,-90.70943612,3.575580739,,
2021-07-20,2510.550049,2540.860107,2487.01001,2524.189941,2524.189941,1315600,,0.013011152,-0.021180635,2475.245897,19.03615899,0.757003698,,
2021-07-21,2522.669922,2551.919922,2520.469971,2550.97998,2550.97998,1037300,,0.010557395,-0.000807205,2553.003652,75.7340834,3.013556703,,
2021-07-22,2556.879883,2569.659912,2549.97998,2568.429932,2568.429932,715100,,0.0068172,0.018781752,2621.316638,15.42628016,0.602420393,,
2021-07-23,2608.610107,2667.97998,2596.01001,2660.300049,2660.300049,2075300,,0.035144126,-0.007712978,2644.087781,38.98341071,1.476192349,,
2021-07-26,2666.570068,2684.73999,2646.030029,2680.699951,2680.699951,1528600,,0.007639019,-0.022467564,2625.340376,36.61216999,1.375159793,,
2021-07-27,2685.01001,2687.97998,2602.080078,2638,2638,2735500,,-0.016056882,0.000376924,2643.220766,12.65962442,0.481049049,,
2021-07-28,2726.23999,2765.939941,2705.550049,2721.879883,2721.879883,4756500,,0.031301721,0.004994385,2739.88882,78.65911744,2.932251326,,
2021-07-29,2723,2733.219971,2710.860107,2715.550049,2715.550049,1585800,,-0.002328246,-0.015765784,2677.353826,-24.33877087,0.89227545,,
2021-07-30,2700.699951,2706.090088,2685.100098,2694.530029,2694.530029,1278200,,-0.007770726,-0.00329986,2689.954087,17.17620305,0.639485272,,
2021-08-02,2702.340088,2706.72998,2675.879883,2697.090088,2697.090088,1081700,,0.000949644,0.015940595,2744.816502,7.13600063,0.264931951,,
2021-08-03,2702.699951,2714.639893,2666.389893,2712.600098,2712.600098,1038100,,0.005734174,-0.003595545,2707.192876,-32.21640416,1.180646688,,
2021-08-04,2706.98999,2712.98999,2689.73999,2702.51001,2702.51001,983800,,-0.003726646,-0.002167445,2700.977412,-4.68286557,0.173128383,,
2021-08-05,2713.610107,2727,2696.919922,2725.030029,2725.030029,893500,,0.008298473,-0.021869405,2670.351805,24.05261733,0.886567797,,
2021-08-06,2720.840088,2729.449951,2704.199951,2714.77002,2714.77002,1023700,,-0.003772205,0.013397578,2755.792343,44.41821534,1.649664271,,
2021-08-09,2718.850098,2743.679932,2706.790039,2738.26001,2738.26001,888000,,0.008615443,0.010227155,2770.838615,-17.5323332,0.638229564,,
2021-08-10,2746.840088,2755.449951,2727.290039,2736.139893,2736.139893,970700,,-0.000774557,-0.0016539,2735.99292,-34.69872227,1.260172787,,
2021-08-11,2743.629883,2753.649902,2725.429932,2725.580078,2725.580078,767600,,-0.003866851,0.006998506,2749.117544,-10.41284166,0.381312917,,
2021-08-12,2719.51001,2746,2708.51001,2743.879883,2743.879883,825300,,0.006691656,0.003884479,2758.970482,-5.237660963,0.190703201,,
2021-08-13,2745,2757.129883,2740.659912,2754.550049,2754.550049,797000,,0.003881173,9.92871E-05,2759.235304,-4.420433345,0.160348849,,
2021-08-16,2750.5,2767.25,2705.97998,2766.189941,2766.189941,1119200,,0.004216793,0.027209193,2847.04119,6.954637138,0.251732195,,
2021-08-17,2755,2765.310059,2721.639893,2733.22998,2733.22998,1085800,,-0.011986848,-0.002763732,2730.05158,-113.8112104,4.079056624,,
2021-08-18,2730,2742.090088,2706.429932,2708.97998,2708.97998,962900,,-0.00891188,-0.004565196,2700.959714,-21.07160049,0.774829131,,
2021-08-19,2688.709961,2727.050049,2685,2713.600098,2713.600098,1089100,,0.00170403,0.008057088,2739.933015,12.64038368,0.466903465,,
2021-08-20,2720,2751.080078,2705,2748.590088,2748.590088,1558600,,0.012811882,-0.009383338,2727.280421,8.657072554,0.315460913,,
2021-08-23,2759.389893,2817.48999,2752.149902,2800.830078,2800.830078,1422700,,0.018827745,-0.008463908,2781.671773,73.54965668,2.660932942,,
2021-08-24,2812.22998,2841.600098,2806.77002,2825.22998,2825.22998,963400,,0.00867394,0.038668075,2941.318727,43.55820665,1.553735327,,
2021-08-25,2832.5,2843.790039,2827.52002,2841.580078,2841.580078,792400,,0.005770493,0.009355453,2872.882551,-99.73864938,3.449434366,,
2021-08-26,2835,2848.350098,2827.139893,2828.810059,2828.810059,1030500,,-0.004504114,0.010269983,2862.588584,-44.07249241,1.545944176,,
2021-08-27,2833.050049,2890.25,2829.939941,2880.080078,2880.080078,1438600,,0.017961949,-0.005298751,2869.44758,17.49149411,0.609176504,,
2021-08-30,2888,2919.409912,2883.26001,2891.810059,2891.810059,1221700,,0.004064525,-0.006065952,2878.924697,22.36247908,0.776305469,,
2021-08-31,2902.939941,2903.429932,2885.620117,2893.949951,2893.949951,1122400,,0.00073971,-0.001311482,2894.785556,15.02525439,0.520546705,,
2021-09-01,2900,2925.080078,2897.669922,2904.310059,2904.310059,1096800,,0.003573527,-0.003784719,2897.972415,9.524502874,0.328482353,,
2021-09-02,2904.320068,2910.389893,2863.699951,2865.73999,2865.73999,1617100,,-0.013369258,-0.01315131,2832.827914,-32.23242455,1.118460544,,
2021-09-03,2861.610107,2883.100098,2848.01001,2874.790039,2874.790039,992500,,0.003153039,0.008106075,2902.82935,41.96212501,1.470390112,,
2021-09-07,2876.689941,2891.300049,2872.379883,2885.610107,2885.610107,1006200,,0.003756711,-0.012124146,2855.40129,-17.21924342,0.594952873,,
2021-09-08,2882,2888,2860,2873.820068,2873.820068,917200,,-0.004094174,0.002176843,2884.695086,18.41877771,0.642976647,,
2021-09-09,2876.810059,2886.209961,2863.550049,2870.820068,2870.820068,765700,,-0.001044452,-0.01267985,2839.187897,-13.87501807,0.482146869,,
2021-09-10,2884.25,2894.370117,2814.76001,2817.52002,2817.52002,1840700,,-0.018740654,0.001118488,2825.19035,-21.66787721,0.766094963,,
2021-09-13,2838.98999,2859,2825,2846.649902,2846.649902,1104700,,0.010285757,0.008894544,2876.68203,21.45955169,0.756705081,,
2021-09-14,2859.909912,2867.26001,2835,2850.889893,2850.889893,983700,,0.001488359,0.010141994,2884.562856,-25.79213659,0.900630736,,
2021-09-15,2855.429932,2889.01001,2826.949951,2888.590088,2888.590088,1370400,,0.013137336,0.01773092,2944.972934,4.02723196,0.139515859,,
2021-09-16,2879.01001,2886,2848.030029,2872.199951,2872.199951,1309500,,-0.005690255,-0.002433954,2869.806193,-72.77298339,2.502005178,,
2021-09-17,2860.610107,2869,2809.399902,2816,2816,2669200,,-0.019760831,-0.003608238,2810.350991,-53.80619256,1.892649547,,
2021-09-20,2763.22998,2780,2726.439941,2774.389893,2774.389893,2325900,,-0.014886574,-0.02775944,2702.754956,-35.96109758,1.287834058,,
2021-09-21,2794.98999,2800.22998,2765.560059,2780.659912,2780.659912,1266600,,0.002257413,0.004584067,2797.90949,77.90495573,2.84147589,,
2021-09-22,2786.080078,2817.73999,2771.030029,2805.669922,2805.669922,1252800,,0.008954064,-0.017466453,2761.505693,7.760431536,0.276981228,,
2021-09-23,2819.75,2833.929932,2808.030029,2824.320068,2824.320068,1047600,,0.00662531,0.004621572,2841.947072,62.81437502,2.249063172,,
2021-09-24,2810.77002,2846.610107,2804.820068,2844.300049,2844.300049,1149200,,0.007049357,0.017012775,2897.736648,2.352977062,0.082760281,,
2021-09-27,2816.090088,2838.77002,2801.350098,2821.439941,2821.439941,1094100,,-0.008069637,-0.007778356,2804.062332,-76.29670719,2.668101116,,
2021-09-28,2773.100098,2781.929932,2707.199951,2716.600098,2716.600098,2288600,,-0.037866238,-0.030107655,2640.250138,-87.4622341,3.168541283,,
2021-09-29,2739.600098,2743.02002,2677.300049,2687.070068,2687.070068,1542400,,-0.010929729,0.024723446,2758.742707,46.81992998,1.757729146,,
2021-09-30,2685.22998,2710.850098,2671.120117,2673.52002,2673.52002,1899800,,-0.005055442,-0.005121699,2664.121733,-85.22268737,3.137649692,,
2021-10-01,2688.949951,2738.209961,2681.459961,2730.860107,2730.860107,1768000,,0.021220653,-0.014489579,2695.886845,66.73837354,2.474090758,,
2021-10-04,2719.209961,2719.209961,2621,2673.189941,2673.189941,2560100,,-0.021344123,-0.00703159,2658.710117,-22.69690368,0.845467651,,
2021-10-05,2680.820068,2744.48999,2680.820068,2720.459961,2720.459961,1620200,,0.017528476,0.010189182,2752.722258,61.74984387,2.295887394,,
2021-10-06,2695,2755,2691,2751.300049,2751.300049,1218200,,0.011272576,0.014617746,2796.284226,-1.422208897,0.051678893,,
2021-10-07,2777.840088,2800.840088,2773.02002,2784.5,2784.5,1255500,,0.011994779,-0.000540492,2787.452274,-11.78422579,0.422314331,,
2021-10-08,2791.540039,2806.620117,2784.350098,2795.709961,2795.709961,1325200,,0.004017761,0.006500874,2818.450152,8.257687421,0.295806823,,
2021-10-11,2785.840088,2814.23999,2777.179932,2778.280029,2778.280029,897700,,-0.006254044,0.003631517,2792.853243,-40.17012262,1.435485411,,
2021-10-12,2789.600098,2790.139893,2715.199951,2728.97998,2728.97998,1816600,,-0.017904136,-0.01417335,2694.882862,-63.87326266,2.313480327,,
2021-10-13,2748.050049,2760,2730.379883,2751.639893,2751.639893,982700,,0.008269153,0.014409477,2796.047235,56.75703108,2.084156576,,
2021-10-14,2789.47998,2826.75,2776.5,2823.02002,2823.02002,1594700,,0.025610182,-0.008404944,2803.875255,26.97278488,0.96004492,,
2021-10-15,2832.290039,2834.360107,2815.100098,2827.360107,2827.360107,1512900,,0.001536211,-0.014516248,2791.076563,23.48485171,0.834092351,,
2021-10-18,2821.530029,2855.919922,2821.389893,2855.560059,2855.560059,1019800,,0.00992454,0.002742827,2867.988753,64.48349573,2.283961234,,
2021-10-19,2867.75,2873.25,2852,2864.73999,2864.73999,1008200,,0.0032096,0.002961207,2877.837033,-3.248762877,0.11334089,,
2021-10-20,2866.76001,2870.919922,2827.530029,2835.379883,2835.379883,1164400,,-0.010301666,-0.003028676,2831.332454,-42.45715039,1.486278257,,
2021-10-21,2835.379883,2843.120117,2810,2837.719971,2837.719971,1314600,,0.000824977,0.02270334,2907.531459,6.38751722,0.22534691,,
2021-10-22,2783,2811.659912,2721.120117,2751.330078,2751.330078,2529400,,-0.030916443,-0.008402069,2732.679346,-156.2013809,5.520593848,,
2021-10-25,2751,2760,2708.47998,2748.939941,2748.939941,1720600,,-0.000869098,-0.005107321,2739.315916,16.26059482,0.593277058,,
2021-10-26,2785.27002,2801.659912,2766.090088,2786.169922,2786.169922,2461800,,0.013452504,0.000208922,2791.214958,46.85400619,1.695923492,,
2021-10-27,2788.100098,2973,2788.100098,2924.350098,2924.350098,4289100,,0.048404402,-0.030602704,2840.754671,133.13514,4.658686892,,
2021-10-28,2942.689941,2943.159912,2892.540039,2916.97998,2916.97998,1810300,,-0.00252344,0.009756872,2950.297117,76.22530914,2.647753457,,
2021-10-29,2901.560059,2964.840088,2892.98999,2960.919922,2960.919922,2166000,,0.014951177,0.010821671,2997.929422,10.62280526,0.359411783,,
2021-11-01,2960.919922,2960.919922,2864.51001,2869.939941,2869.939941,2346200,,-0.031208901,0.014444368,2916.358224,-127.9894814,4.362383464,,
2021-11-02,2891.590088,2932.179932,2886.709961,2908.649902,2908.649902,1674100,,0.013397919,0.015412099,2958.555978,-7.708321658,0.264663035,,
2021-11-03,2918.01001,2933.379883,2891.820068,2931.959961,2931.959961,1374700,,0.007982106,-0.022485815,2871.359168,-26.59601723,0.903011468,,
2021-11-04,2942.48999,2994.669922,2926.159912,2965.350098,2965.350098,1920600,,0.011323974,0.01329211,3009.841426,93.99093009,3.220682265,,
2021-11-05,2983.389893,3006.550049,2963.939941,2977.040039,2977.040039,1915800,,0.003934429,-0.027479491,2900.984678,-32.80138666,1.095775383,,
2021-11-08,2996.5,3012.300049,2968.610107,2980.620117,2980.620117,1152600,,0.00120184,0.012004221,3021.446759,79.63543928,2.707949346,,
2021-11-09,2984.659912,2996.689941,2944.899902,2978.370117,2978.370117,976500,,-0.000755162,0.01821555,3037.977334,-43.07664189,1.435931889,,
2021-11-10,2950,2961.399902,2890.75,2917.870117,2917.870117,1498500,,-0.020522272,0.00883121,2948.466872,-120.1072174,4.033253651,,
2021-11-11,2929.790039,2950.709961,2912.01001,2915.330078,2915.330078,825900,,-0.00087089,-0.018012146,2867.874274,-33.13679428,1.130216294,,
2021-11-12,2932.310059,2977,2908.219971,2973.560059,2973.560059,1116900,,0.01977686,-0.016945024,2928.279551,105.6857851,3.618487482,,
2021-11-15,2978.01001,2990.98999,2951.5,2969.040039,2969.040039,1175400,,-0.001521227,-0.016148564,2926.158,40.76048794,1.382339462,,
2021-11-16,2962.98999,2975.25,2946.25,2957.52002,2957.52002,945200,,-0.003887595,0.000686964,2964.292045,31.36202039,1.066068547,,
2021-11-17,2960.550049,2971.189941,2944.800049,2960.939941,2960.939941,979700,,0.001155679,-0.011417473,2932.013755,-3.352104017,0.11314676,,
2021-11-18,2964.830078,3011.610107,2957.689941,2996.77002,2996.77002,1780400,,0.012028283,0.001254658,3005.337545,64.75626534,2.184470468,,
2021-11-19,2999.51001,3019.330078,2977.97998,2978.530029,2978.530029,1684100,,-0.006105149,0.008005055,3007.27736,-26.80751567,0.895992946,,
2021-11-22,2986.649902,2996.590088,2922.949951,2926.040039,2926.040039,1529700,,-0.017779914,-0.006487635,2911.774049,-81.23732136,2.738344029,,
2021-11-23,2923.060059,2933.199951,2882.300049,2915.639893,2915.639893,1360900,,-0.003560673,-0.001027078,2917.31134,3.865844411,0.132677872,,
2021-11-24,2909.469971,2924.98999,2887.459961,2922.399902,2922.399902,902000,,0.00231585,0.003316026,2936.802403,5.088561874,0.174274435,,
2021-11-26,2886.969971,2891.149902,2836.850098,2843.659912,2843.659912,1523500,,-0.027313239,0.016958318,2896.926723,-93.14249075,3.22266579,,
2021-11-29,2880,2925.949951,2877.870117,2910.610107,2910.610107,1629800,,0.023270794,-0.000689025,2913.26334,13.68338435,0.4712285,,
2021-11-30,2900.169922,2920,2832.030029,2837.949951,2837.949951,2103400,,-0.025280775,-0.006258684,2824.760104,-75.31338879,2.619043495,,
2021-12-01,2880,2919.01001,2818.23999,2821.030029,2821.030029,1701000,,-0.005979867,-0.01880336,2772.914407,-3.730074613,0.132136496,,
2021-12-02,2825,2877.290039,2804.290039,2859.320068,2859.320068,1459700,,0.013481781,0.000950639,2866.622994,86.40566081,3.068255102,,
2021-12-03,2873.620117,2888,2806.02002,2840.030029,2840.030029,2060800,,-0.006769232,0.009904268,2872.891681,-26.59296533,0.931998677,,
2021-12-06,2860.810059,2877.050049,2803,2863.100098,2863.100098,1530900,,0.008090362,0.015009609,2911.052734,-9.791582591,0.341408529,,
2021-12-07,2911.929932,2950.620117,2904.550049,2945.389893,2945.389893,1612000,,0.028336212,-0.024942667,2877.433398,34.3371589,1.172628542,,
2021-12-08,2951.929932,2967.860107,2928.120117,2963.72998,2963.72998,1213500,,0.006207404,-0.002150767,2962.098645,86.29658236,2.954773793,,
2021-12-09,2951.820068,2982,2942.300049,2952.77002,2952.77002,1163500,,-0.003704884,0.01592648,3004.978407,-9.328625366,0.31542967,,
2021-12-10,2974,2979.550049,2934.080078,2960.030029,2960.030029,1222900,,0.002455694,-0.018628181,2910.053352,-44.94837815,1.507068385,,
2021-12-13,2955.629883,2959.399902,2910.350098,2916.530029,2916.530029,1353500,,-0.01480485,-0.012991558,2883.495255,6.476676966,0.222314744,,
2021-12-14,2879.360107,2889.600098,2824.300049,2878.139893,2878.139893,1922300,,-0.013250348,-0.015721093,2837.783544,-5.355361917,0.185897294,,
2021-12-15,2868.179932,2934.419922,2833.560059,2928.820068,2928.820068,1818500,,0.01745542,-0.004586086,2920.087938,91.03652429,3.157370626,,
2021-12-16,2943.409912,2953.540039,2872.139893,2888.899902,2888.899902,1682500,,-0.013723862,-0.011128347,2861.504709,-31.18803643,1.073785564,,
2021-12-17,2850,2876.689941,2826,2834.5,2834.5,2520800,,-0.019010218,0.018692254,2892.60648,-27.00470862,0.948198255,,
2021-12-20,2800,2835.48999,2786.419922,2832.139893,2832.139893,1359600,,-0.000832983,0.016413857,2883.620468,-60.46658719,2.112463444,,
2021-12-21,2841.070068,2877.379883,2810.050049,2869.449951,2869.449951,1437800,,0.013087785,0.007565891,2895.872451,-14.17051699,0.492624493,,
2021-12-22,2861.350098,2930,2861.350098,2928.300049,2928.300049,1316100,,0.02030171,-0.003121007,2923.850005,32.4275984,1.113552128,,
2021-12-23,2930,2964.870117,2929.040039,2938.330078,2938.330078,1319200,,0.003419353,0.002277853,2949.747152,14.48007316,0.494016661,,
2021-12-27,2945.120117,2966.879883,2943.389893,2958.129883,2958.129883,798800,,0.006715853,-0.001874674,2957.318013,8.38273123,0.283781507,,
2021-12-28,2964.719971,2965.97998,2921.090088,2933.73999,2933.73999,910000,,-0.008279216,-0.004669784,2924.748385,-23.57802272,0.800468191,,
2021-12-29,2932.889893,2948.340088,2912.949951,2933.100098,2933.100098,889400,,-0.000218139,-0.003852478,2926.501325,8.351712922,0.285146089,,
2021-12-30,2933.879883,2946,2919.889893,2924.01001,2924.01001,784400,,-0.003103952,0.016877054,2978.539863,-2.491314556,0.085165703,,
2021-12-31,2921,2933.969971,2897.040039,2897.040039,2897.040039,906200,,-0.009266426,0.001185077,2905.120295,-81.49982446,2.774188278,,
2022-01-03,2901.100098,2917.02002,2874.26001,2899.830078,2899.830078,1432300,,0.000962602,-0.002464265,2897.325468,-5.29021696,0.182265708,,
2022-01-04,2907.919922,2929.699951,2874.330078,2887.98999,2887.98999,1420000,,-0.004091387,0.014074134,2933.613887,-9.335478491,0.322730145,,
2022-01-05,2888.399902,2889.98999,2753.76001,2755.5,2755.5,2730900,,-0.046961841,-0.006294952,2742.593883,-178.1138873,6.261568701,,
2022-01-06,2739.969971,2798.800049,2731.169922,2754.949951,2754.949951,1867400,,-0.000199639,-0.012377825,2725.417517,12.35606833,0.449512317,,
2022-01-07,2762.909912,2768.969971,2715.330078,2740.340088,2740.340088,1487700,,-0.005317243,-0.010602073,2715.782546,14.92257095,0.546038519,,
