{
  "bytes": 72866,
  "count_of_rows": 808,
  "datahub": {
    "created": "2017-11-08T23:58:32.636869",
    "findability": "published",
    "flowid": "core/bond-yields-us-10y/136",
    "modified": "2020-08-31T00:00:31.029540",
    "owner": "core",
    "ownerid": "core"
  },
  "hash": "46fb2ba673a4606e7eba6a11fa695da4",
  "id": "core/bond-yields-us-10y",
  "licenses": [
    {
      "id": "odc-pddl",
      "name": "open_data_commons_public_domain_dedication_and_license_v1.0",
      "path": "http://opendatacommons.org/licenses/pddl/",
      "title": "Open Data Commons Public Domain Dedication and License v1.0"
    }
  ],
  "name": "bond-yields-us-10y",
  "profile": "data-package",
  "resources": [
    {
      "bytes": 13819,
      "count_of_rows": 808,
      "datahub": {
        "type": "original"
      },
      "dialect": {
        "caseSensitiveHeader": false,
        "delimiter": ",",
        "doubleQuote": true,
        "header": true,
        "lineTerminator": "\r\n",
        "quoteChar": "\"",
        "skipInitialSpace": false
      },
      "dpp:streamedFrom": "https://s3.amazonaws.com/rawstore.datahub.io/1742d194e238ea61d0112a65726bbd01.csv",
      "encoding": "ISO-8859-2",
      "format": "csv",
      "hash": "b388e71630d68280cc678e6e94cd825e",
      "mediatype": "text/csv",
      "name": "monthly_original",
      "path": "archive/monthly.csv",
      "pathType": "local",
      "profile": "tabular-data-resource",
      "schema": {
        "fields": [
          {
            "descriptor": "Date in ISO 8601",
            "format": "%Y-%m-%d",
            "name": "Date",
            "type": "date"
          },
          {
            "decimalChar": ".",
            "description": "Percent per year",
            "format": "default",
            "groupChar": "",
            "name": "Rate",
            "type": "number"
          }
        ],
        "missingValues": [
          ""
        ]
      }
    },
    {
      "bytes": 431,
      "datahub": {
        "type": "derived/report"
      },
      "description": "Validation report for tabular data",
      "dpp:streamedFrom": "/tmp/tmp95t_hn9e/core/bond-yields-us-10y/validation_report/data/6759c77d41a77c297f1c4b32840031b3/validation_report.json",
      "format": "json",
      "hash": "6759c77d41a77c297f1c4b32840031b3",
      "name": "validation_report",
      "path": "data/validation_report.json",
      "profile": "data-resource"
    },
    {
      "bytes": 13819,
      "count_of_rows": 808,
      "datahub": {
        "derivedFrom": [
          "monthly"
        ],
        "type": "derived/csv"
      },
      "delimiter": ",",
      "dialect": {
        "caseSensitiveHeader": false,
        "delimiter": ",",
        "doubleQuote": true,
        "header": true,
        "lineTerminator": "\r\n",
        "quoteChar": "\"",
        "skipInitialSpace": false
      },
      "dpp:streamedFrom": "/tmp/tmp95t_hn9e/core/bond-yields-us-10y/monthly_csv/data/b388e71630d68280cc678e6e94cd825e/monthly_csv.csv",
      "encoding": "utf-8",
      "format": "csv",
      "hash": "b388e71630d68280cc678e6e94cd825e",
      "mediatype": "text/csv",
      "name": "monthly_csv",
      "path": "data/monthly_csv.csv",
      "pathType": "local",
      "profile": "tabular-data-resource",
      "quotechar": "\"",
      "rowcount": 808,
      "schema": {
        "fields": [
          {
            "descriptor": "Date in ISO 8601",
            "format": "%Y-%m-%d",
            "name": "Date",
            "type": "date"
          },
          {
            "decimalChar": ".",
            "description": "Percent per year",
            "format": "default",
            "groupChar": "",
            "name": "Rate",
            "type": "number"
          }
        ],
        "missingValues": [
          ""
        ]
      },
      "signed": true
    },
    {
      "bytes": 29873,
      "count_of_rows": 808,
      "datahub": {
        "derivedFrom": [
          "monthly"
        ],
        "type": "derived/json"
      },
      "delimiter": ",",
      "dialect": {
        "caseSensitiveHeader": false,
        "delimiter": ",",
        "doubleQuote": true,
        "header": true,
        "lineTerminator": "\r\n",
        "quoteChar": "\"",
        "skipInitialSpace": false
      },
      "dpp:streamedFrom": "/tmp/tmp95t_hn9e/core/bond-yields-us-10y/monthly_json/data/216cf74b1d210338816ade152dd627b4/monthly_json.json",
      "encoding": "utf-8",
      "format": "json",
      "hash": "216cf74b1d210338816ade152dd627b4",
      "mediatype": "text/csv",
      "name": "monthly_json",
      "path": "data/monthly_json.json",
      "pathType": "local",
      "profile": "tabular-data-resource",
      "quotechar": "\"",
      "rowcount": 808,
      "schema": {
        "fields": [
          {
            "descriptor": "Date in ISO 8601",
            "format": "%Y-%m-%d",
            "name": "Date",
            "type": "date"
          },
          {
            "decimalChar": ".",
            "description": "Percent per year",
            "format": "default",
            "groupChar": "",
            "name": "Rate",
            "type": "number"
          }
        ],
        "missingValues": [
          ""
        ]
      },
      "signed": true
    },
    {
      "bytes": 1105,
      "dpp:streamedFrom": "/tmp/tmpap4_nl8q/README.md",
      "format": "md",
      "name": "readme",
      "path": "README.md"
    }
  ],
  "sources": [
    {
      "name": "Federal Reserve (Release H.15)",
      "path": "http://www.federalreserve.gov/releases/h15/data.htm",
      "title": "Federal Reserve (Release H.15)"
    }
  ],
  "title": "10 year US Government Bond Yields (long-term interest rate)",
  "version": "0.2.0",
  "views": [
    {
      "name": "graph",
      "spec": {
        "group": "Date",
        "series": [
          "Rate"
        ],
        "type": "line"
      },
      "specType": "simple",
      "title": "10 year US Government Bond Yields (Monthly granuarlity)"
    }
  ]
}