[{"Date": "1953-04-30", "Rate": 2.83},{"Date": "1953-05-31", "Rate": 3.05},{"Date": "1953-06-30", "Rate": 3.11},{"Date": "1953-07-31", "Rate": 2.93},{"Date": "1953-08-31", "Rate": 2.95},{"Date": "1953-09-30", "Rate": 2.87},{"Date": "1953-10-31", "Rate": 2.66},{"Date": "1953-11-30", "Rate": 2.68},{"Date": "1953-12-31", "Rate": 2.59},{"Date": "1954-01-31", "Rate": 2.48},{"Date": "1954-02-28", "Rate": 2.47},{"Date": "1954-03-31", "Rate": 2.37},{"Date": "1954-04-30", "Rate": 2.29},{"Date": "1954-05-31", "Rate": 2.37},{"Date": "1954-06-30", "Rate": 2.38},{"Date": "1954-07-31", "Rate": 2.3},{"Date": "1954-08-31", "Rate": 2.36},{"Date": "1954-09-30", "Rate": 2.38},{"Date": "1954-10-31", "Rate": 2.43},{"Date": "1954-11-30", "Rate": 2.48},{"Date": "1954-12-31", "Rate": 2.51},{"Date": "1955-01-31", "Rate": 2.61},{"Date": "1955-02-28", "Rate": 2.65},{"Date": "1955-03-31", "Rate": 2.68},{"Date": "1955-04-30", "Rate": 2.75},{"Date": "1955-05-31", "Rate": 2.76},{"Date": "1955-06-30", "Rate": 2.78},{"Date": "1955-07-31", "Rate": 2.9},{"Date": "1955-08-31", "Rate": 2.97},{"Date": "1955-09-30", "Rate": 2.97},{"Date": "1955-10-31", "Rate": 2.88},{"Date": "1955-11-30", "Rate": 2.89},{"Date": "1955-12-31", "Rate": 2.96},{"Date": "1956-01-31", "Rate": 2.9},{"Date": "1956-02-29", "Rate": 2.84},{"Date": "1956-03-31", "Rate": 2.96},{"Date": "1956-04-30", "Rate": 3.18},{"Date": "1956-05-31", "Rate": 3.07},{"Date": "1956-06-30", "Rate": 3.0},{"Date": "1956-07-31", "Rate": 3.11},{"Date": "1956-08-31", "Rate": 3.33},{"Date": "1956-09-30", "Rate": 3.38},{"Date": "1956-10-31", "Rate": 3.34},{"Date": "1956-11-30", "Rate": 3.49},{"Date": "1956-12-31", "Rate": 3.59},{"Date": "1957-01-31", "Rate": 3.46},{"Date": "1957-02-28", "Rate": 3.34},{"Date": "1957-03-31", "Rate": 3.41},{"Date": "1957-04-30", "Rate": 3.48},{"Date": "1957-05-31", "Rate": 3.6},{"Date": "1957-06-30", "Rate": 3.8},{"Date": "1957-07-31", "Rate": 3.93},{"Date": "1957-08-31", "Rate": 3.93},{"Date": "1957-09-30", "Rate": 3.92},{"Date": "1957-10-31", "Rate": 3.97},{"Date": "1957-11-30", "Rate": 3.72},{"Date": "1957-12-31", "Rate": 3.21},{"Date": "1958-01-31", "Rate": 3.09},{"Date": "1958-02-28", "Rate": 3.05},{"Date": "1958-03-31", "Rate": 2.98},{"Date": "1958-04-30", "Rate": 2.88},{"Date": "1958-05-31", "Rate": 2.92},{"Date": "1958-06-30", "Rate": 2.97},{"Date": "1958-07-31", "Rate": 3.2},{"Date": "1958-08-31", "Rate": 3.54},{"Date": "1958-09-30", "Rate": 3.76},{"Date": "1958-10-31", "Rate": 3.8},{"Date": "1958-11-30", "Rate": 3.74},{"Date": "1958-12-31", "Rate": 3.86},{"Date": "1959-01-31", "Rate": 4.02},{"Date": "1959-02-28", "Rate": 3.96},{"Date": "1959-03-31", "Rate": 3.99},{"Date": "1959-04-30", "Rate": 4.12},{"Date": "1959-05-31", "Rate": 4.31},{"Date": "1959-06-30", "Rate": 4.34},{"Date": "1959-07-31", "Rate": 4.4},{"Date": "1959-08-31", "Rate": 4.43},{"Date": "1959-09-30", "Rate": 4.68},{"Date": "1959-10-31", "Rate": 4.53},{"Date": "1959-11-30", "Rate": 4.53},{"Date": "1959-12-31", "Rate": 4.69},{"Date": "1960-01-31", "Rate": 4.72},{"Date": "1960-02-29", "Rate": 4.49},{"Date": "1960-03-31", "Rate": 4.25},{"Date": "1960-04-30", "Rate": 4.28},{"Date": "1960-05-31", "Rate": 4.35},{"Date": "1960-06-30", "Rate": 4.15},{"Date": "1960-07-31", "Rate": 3.9},{"Date": "1960-08-31", "Rate": 3.8},{"Date": "1960-09-30", "Rate": 3.8},{"Date": "1960-10-31", "Rate": 3.89},{"Date": "1960-11-30", "Rate": 3.93},{"Date": "1960-12-31", "Rate": 3.84},{"Date": "1961-01-31", "Rate": 3.84},{"Date": "1961-02-28", "Rate": 3.78},{"Date": "1961-03-31", "Rate": 3.74},{"Date": "1961-04-30", "Rate": 3.78},{"Date": "1961-05-31", "Rate": 3.71},{"Date": "1961-06-30", "Rate": 3.88},{"Date": "1961-07-31", "Rate": 3.92},{"Date": "1961-08-31", "Rate": 4.04},{"Date": "1961-09-30", "Rate": 3.98},{"Date": "1961-10-31", "Rate": 3.92},{"Date": "1961-11-30", "Rate": 3.94},{"Date": "1961-12-31", "Rate": 4.06},{"Date": "1962-01-31", "Rate": 4.08},{"Date": "1962-02-28", "Rate": 4.04},{"Date": "1962-03-31", "Rate": 3.93},{"Date": "1962-04-30", "Rate": 3.84},{"Date": "1962-05-31", "Rate": 3.87},{"Date": "1962-06-30", "Rate": 3.91},{"Date": "1962-07-31", "Rate": 4.01},{"Date": "1962-08-31", "Rate": 3.98},{"Date": "1962-09-30", "Rate": 3.98},{"Date": "1962-10-31", "Rate": 3.93},{"Date": "1962-11-30", "Rate": 3.92},{"Date": "1962-12-31", "Rate": 3.86},{"Date": "1963-01-31", "Rate": 3.83},{"Date": "1963-02-28", "Rate": 3.92},{"Date": "1963-03-31", "Rate": 3.93},{"Date": "1963-04-30", "Rate": 3.97},{"Date": "1963-05-31", "Rate": 3.93},{"Date": "1963-06-30", "Rate": 3.99},{"Date": "1963-07-31", "Rate": 4.02},{"Date": "1963-08-31", "Rate": 4.0},{"Date": "1963-09-30", "Rate": 4.08},{"Date": "1963-10-31", "Rate": 4.11},{"Date": "1963-11-30", "Rate": 4.12},{"Date": "1963-12-31", "Rate": 4.13},{"Date": "1964-01-31", "Rate": 4.17},{"Date": "1964-02-29", "Rate": 4.15},{"Date": "1964-03-31", "Rate": 4.22},{"Date": "1964-04-30", "Rate": 4.23},{"Date": "1964-05-31", "Rate": 4.2},{"Date": "1964-06-30", "Rate": 4.17},{"Date": "1964-07-31", "Rate": 4.19},{"Date": "1964-08-31", "Rate": 4.19},{"Date": "1964-09-30", "Rate": 4.2},{"Date": "1964-10-31", "Rate": 4.19},{"Date": "1964-11-30", "Rate": 4.15},{"Date": "1964-12-31", "Rate": 4.18},{"Date": "1965-01-31", "Rate": 4.19},{"Date": "1965-02-28", "Rate": 4.21},{"Date": "1965-03-31", "Rate": 4.21},{"Date": "1965-04-30", "Rate": 4.2},{"Date": "1965-05-31", "Rate": 4.21},{"Date": "1965-06-30", "Rate": 4.21},{"Date": "1965-07-31", "Rate": 4.2},{"Date": "1965-08-31", "Rate": 4.25},{"Date": "1965-09-30", "Rate": 4.29},{"Date": "1965-10-31", "Rate": 4.35},{"Date": "1965-11-30", "Rate": 4.45},{"Date": "1965-12-31", "Rate": 4.62},{"Date": "1966-01-31", "Rate": 4.61},{"Date": "1966-02-28", "Rate": 4.83},{"Date": "1966-03-31", "Rate": 4.87},{"Date": "1966-04-30", "Rate": 4.75},{"Date": "1966-05-31", "Rate": 4.78},{"Date": "1966-06-30", "Rate": 4.81},{"Date": "1966-07-31", "Rate": 5.02},{"Date": "1966-08-31", "Rate": 5.22},{"Date": "1966-09-30", "Rate": 5.18},{"Date": "1966-10-31", "Rate": 5.01},{"Date": "1966-11-30", "Rate": 5.16},{"Date": "1966-12-31", "Rate": 4.84},{"Date": "1967-01-31", "Rate": 4.58},{"Date": "1967-02-28", "Rate": 4.63},{"Date": "1967-03-31", "Rate": 4.54},{"Date": "1967-04-30", "Rate": 4.59},{"Date": "1967-05-31", "Rate": 4.85},{"Date": "1967-06-30", "Rate": 5.02},{"Date": "1967-07-31", "Rate": 5.16},{"Date": "1967-08-31", "Rate": 5.28},{"Date": "1967-09-30", "Rate": 5.3},{"Date": "1967-10-31", "Rate": 5.48},{"Date": "1967-11-30", "Rate": 5.75},{"Date": "1967-12-31", "Rate": 5.7},{"Date": "1968-01-31", "Rate": 5.53},{"Date": "1968-02-29", "Rate": 5.56},{"Date": "1968-03-31", "Rate": 5.74},{"Date": "1968-04-30", "Rate": 5.64},{"Date": "1968-05-31", "Rate": 5.87},{"Date": "1968-06-30", "Rate": 5.72},{"Date": "1968-07-31", "Rate": 5.5},{"Date": "1968-08-31", "Rate": 5.42},{"Date": "1968-09-30", "Rate": 5.46},{"Date": "1968-10-31", "Rate": 5.58},{"Date": "1968-11-30", "Rate": 5.7},{"Date": "1968-12-31", "Rate": 6.03},{"Date": "1969-01-31", "Rate": 6.04},{"Date": "1969-02-28", "Rate": 6.19},{"Date": "1969-03-31", "Rate": 6.3},{"Date": "1969-04-30", "Rate": 6.17},{"Date": "1969-05-31", "Rate": 6.32},{"Date": "1969-06-30", "Rate": 6.57},{"Date": "1969-07-31", "Rate": 6.72},{"Date": "1969-08-31", "Rate": 6.69},{"Date": "1969-09-30", "Rate": 7.16},{"Date": "1969-10-31", "Rate": 7.1},{"Date": "1969-11-30", "Rate": 7.14},{"Date": "1969-12-31", "Rate": 7.65},{"Date": "1970-01-31", "Rate": 7.79},{"Date": "1970-02-28", "Rate": 7.24},{"Date": "1970-03-31", "Rate": 7.07},{"Date": "1970-04-30", "Rate": 7.39},{"Date": "1970-05-31", "Rate": 7.91},{"Date": "1970-06-30", "Rate": 7.84},{"Date": "1970-07-31", "Rate": 7.46},{"Date": "1970-08-31", "Rate": 7.53},{"Date": "1970-09-30", "Rate": 7.39},{"Date": "1970-10-31", "Rate": 7.33},{"Date": "1970-11-30", "Rate": 6.84},{"Date": "1970-12-31", "Rate": 6.39},{"Date": "1971-01-31", "Rate": 6.24},{"Date": "1971-02-28", "Rate": 6.11},{"Date": "1971-03-31", "Rate": 5.7},{"Date": "1971-04-30", "Rate": 5.83},{"Date": "1971-05-31", "Rate": 6.39},{"Date": "1971-06-30", "Rate": 6.52},{"Date": "1971-07-31", "Rate": 6.73},{"Date": "1971-08-31", "Rate": 6.58},{"Date": "1971-09-30", "Rate": 6.14},{"Date": "1971-10-31", "Rate": 5.93},{"Date": "1971-11-30", "Rate": 5.81},{"Date": "1971-12-31", "Rate": 5.93},{"Date": "1972-01-31", "Rate": 5.95},{"Date": "1972-02-29", "Rate": 6.08},{"Date": "1972-03-31", "Rate": 6.07},{"Date": "1972-04-30", "Rate": 6.19},{"Date": "1972-05-31", "Rate": 6.13},{"Date": "1972-06-30", "Rate": 6.11},{"Date": "1972-07-31", "Rate": 6.11},{"Date": "1972-08-31", "Rate": 6.21},{"Date": "1972-09-30", "Rate": 6.55},{"Date": "1972-10-31", "Rate": 6.48},{"Date": "1972-11-30", "Rate": 6.28},{"Date": "1972-12-31", "Rate": 6.36},{"Date": "1973-01-31", "Rate": 6.46},{"Date": "1973-02-28", "Rate": 6.64},{"Date": "1973-03-31", "Rate": 6.71},{"Date": "1973-04-30", "Rate": 6.67},{"Date": "1973-05-31", "Rate": 6.85},{"Date": "1973-06-30", "Rate": 6.9},{"Date": "1973-07-31", "Rate": 7.13},{"Date": "1973-08-31", "Rate": 7.4},{"Date": "1973-09-30", "Rate": 7.09},{"Date": "1973-10-31", "Rate": 6.79},{"Date": "1973-11-30", "Rate": 6.73},{"Date": "1973-12-31", "Rate": 6.74},{"Date": "1974-01-31", "Rate": 6.99},{"Date": "1974-02-28", "Rate": 6.96},{"Date": "1974-03-31", "Rate": 7.21},{"Date": "1974-04-30", "Rate": 7.51},{"Date": "1974-05-31", "Rate": 7.58},{"Date": "1974-06-30", "Rate": 7.54},{"Date": "1974-07-31", "Rate": 7.81},{"Date": "1974-08-31", "Rate": 8.04},{"Date": "1974-09-30", "Rate": 8.04},{"Date": "1974-10-31", "Rate": 7.9},{"Date": "1974-11-30", "Rate": 7.68},{"Date": "1974-12-31", "Rate": 7.43},{"Date": "1975-01-31", "Rate": 7.5},{"Date": "1975-02-28", "Rate": 7.39},{"Date": "1975-03-31", "Rate": 7.73},{"Date": "1975-04-30", "Rate": 8.23},{"Date": "1975-05-31", "Rate": 8.06},{"Date": "1975-06-30", "Rate": 7.86},{"Date": "1975-07-31", "Rate": 8.06},{"Date": "1975-08-31", "Rate": 8.4},{"Date": "1975-09-30", "Rate": 8.43},{"Date": "1975-10-31", "Rate": 8.14},{"Date": "1975-11-30", "Rate": 8.05},{"Date": "1975-12-31", "Rate": 8.0},{"Date": "1976-01-31", "Rate": 7.74},{"Date": "1976-02-29", "Rate": 7.79},{"Date": "1976-03-31", "Rate": 7.73},{"Date": "1976-04-30", "Rate": 7.56},{"Date": "1976-05-31", "Rate": 7.9},{"Date": "1976-06-30", "Rate": 7.86},{"Date": "1976-07-31", "Rate": 7.83},{"Date": "1976-08-31", "Rate": 7.77},{"Date": "1976-09-30", "Rate": 7.59},{"Date": "1976-10-31", "Rate": 7.41},{"Date": "1976-11-30", "Rate": 7.29},{"Date": "1976-12-31", "Rate": 6.87},{"Date": "1977-01-31", "Rate": 7.21},{"Date": "1977-02-28", "Rate": 7.39},{"Date": "1977-03-31", "Rate": 7.46},{"Date": "1977-04-30", "Rate": 7.37},{"Date": "1977-05-31", "Rate": 7.46},{"Date": "1977-06-30", "Rate": 7.28},{"Date": "1977-07-31", "Rate": 7.33},{"Date": "1977-08-31", "Rate": 7.4},{"Date": "1977-09-30", "Rate": 7.34},{"Date": "1977-10-31", "Rate": 7.52},{"Date": "1977-11-30", "Rate": 7.58},{"Date": "1977-12-31", "Rate": 7.69},{"Date": "1978-01-31", "Rate": 7.96},{"Date": "1978-02-28", "Rate": 8.03},{"Date": "1978-03-31", "Rate": 8.04},{"Date": "1978-04-30", "Rate": 8.15},{"Date": "1978-05-31", "Rate": 8.35},{"Date": "1978-06-30", "Rate": 8.46},{"Date": "1978-07-31", "Rate": 8.64},{"Date": "1978-08-31", "Rate": 8.41},{"Date": "1978-09-30", "Rate": 8.42},{"Date": "1978-10-31", "Rate": 8.64},{"Date": "1978-11-30", "Rate": 8.81},{"Date": "1978-12-31", "Rate": 9.01},{"Date": "1979-01-31", "Rate": 9.1},{"Date": "1979-02-28", "Rate": 9.1},{"Date": "1979-03-31", "Rate": 9.12},{"Date": "1979-04-30", "Rate": 9.18},{"Date": "1979-05-31", "Rate": 9.25},{"Date": "1979-06-30", "Rate": 8.91},{"Date": "1979-07-31", "Rate": 8.95},{"Date": "1979-08-31", "Rate": 9.03},{"Date": "1979-09-30", "Rate": 9.33},{"Date": "1979-10-31", "Rate": 10.3},{"Date": "1979-11-30", "Rate": 10.65},{"Date": "1979-12-31", "Rate": 10.39},{"Date": "1980-01-31", "Rate": 10.8},{"Date": "1980-02-29", "Rate": 12.41},{"Date": "1980-03-31", "Rate": 12.75},{"Date": "1980-04-30", "Rate": 11.47},{"Date": "1980-05-31", "Rate": 10.18},{"Date": "1980-06-30", "Rate": 9.78},{"Date": "1980-07-31", "Rate": 10.25},{"Date": "1980-08-31", "Rate": 11.1},{"Date": "1980-09-30", "Rate": 11.51},{"Date": "1980-10-31", "Rate": 11.75},{"Date": "1980-11-30", "Rate": 12.68},{"Date": "1980-12-31", "Rate": 12.84},{"Date": "1981-01-31", "Rate": 12.57},{"Date": "1981-02-28", "Rate": 13.19},{"Date": "1981-03-31", "Rate": 13.12},{"Date": "1981-04-30", "Rate": 13.68},{"Date": "1981-05-31", "Rate": 14.1},{"Date": "1981-06-30", "Rate": 13.47},{"Date": "1981-07-31", "Rate": 14.28},{"Date": "1981-08-31", "Rate": 14.94},{"Date": "1981-09-30", "Rate": 15.32},{"Date": "1981-10-31", "Rate": 15.15},{"Date": "1981-11-30", "Rate": 13.39},{"Date": "1981-12-31", "Rate": 13.72},{"Date": "1982-01-31", "Rate": 14.59},{"Date": "1982-02-28", "Rate": 14.43},{"Date": "1982-03-31", "Rate": 13.86},{"Date": "1982-04-30", "Rate": 13.87},{"Date": "1982-05-31", "Rate": 13.62},{"Date": "1982-06-30", "Rate": 14.3},{"Date": "1982-07-31", "Rate": 13.95},{"Date": "1982-08-31", "Rate": 13.06},{"Date": "1982-09-30", "Rate": 12.34},{"Date": "1982-10-31", "Rate": 10.91},{"Date": "1982-11-30", "Rate": 10.55},{"Date": "1982-12-31", "Rate": 10.54},{"Date": "1983-01-31", "Rate": 10.46},{"Date": "1983-02-28", "Rate": 10.72},{"Date": "1983-03-31", "Rate": 10.51},{"Date": "1983-04-30", "Rate": 10.4},{"Date": "1983-05-31", "Rate": 10.38},{"Date": "1983-06-30", "Rate": 10.85},{"Date": "1983-07-31", "Rate": 11.38},{"Date": "1983-08-31", "Rate": 11.85},{"Date": "1983-09-30", "Rate": 11.65},{"Date": "1983-10-31", "Rate": 11.54},{"Date": "1983-11-30", "Rate": 11.69},{"Date": "1983-12-31", "Rate": 11.83},{"Date": "1984-01-31", "Rate": 11.67},{"Date": "1984-02-29", "Rate": 11.84},{"Date": "1984-03-31", "Rate": 12.32},{"Date": "1984-04-30", "Rate": 12.63},{"Date": "1984-05-31", "Rate": 13.41},{"Date": "1984-06-30", "Rate": 13.56},{"Date": "1984-07-31", "Rate": 13.36},{"Date": "1984-08-31", "Rate": 12.72},{"Date": "1984-09-30", "Rate": 12.52},{"Date": "1984-10-31", "Rate": 12.16},{"Date": "1984-11-30", "Rate": 11.57},{"Date": "1984-12-31", "Rate": 11.5},{"Date": "1985-01-31", "Rate": 11.38},{"Date": "1985-02-28", "Rate": 11.51},{"Date": "1985-03-31", "Rate": 11.86},{"Date": "1985-04-30", "Rate": 11.43},{"Date": "1985-05-31", "Rate": 10.85},{"Date": "1985-06-30", "Rate": 10.16},{"Date": "1985-07-31", "Rate": 10.31},{"Date": "1985-08-31", "Rate": 10.33},{"Date": "1985-09-30", "Rate": 10.37},{"Date": "1985-10-31", "Rate": 10.24},{"Date": "1985-11-30", "Rate": 9.78},{"Date": "1985-12-31", "Rate": 9.26},{"Date": "1986-01-31", "Rate": 9.19},{"Date": "1986-02-28", "Rate": 8.7},{"Date": "1986-03-31", "Rate": 7.78},{"Date": "1986-04-30", "Rate": 7.3},{"Date": "1986-05-31", "Rate": 7.71},{"Date": "1986-06-30", "Rate": 7.8},{"Date": "1986-07-31", "Rate": 7.3},{"Date": "1986-08-31", "Rate": 7.17},{"Date": "1986-09-30", "Rate": 7.45},{"Date": "1986-10-31", "Rate": 7.43},{"Date": "1986-11-30", "Rate": 7.25},{"Date": "1986-12-31", "Rate": 7.11},{"Date": "1987-01-31", "Rate": 7.08},{"Date": "1987-02-28", "Rate": 7.25},{"Date": "1987-03-31", "Rate": 7.25},{"Date": "1987-04-30", "Rate": 8.02},{"Date": "1987-05-31", "Rate": 8.61},{"Date": "1987-06-30", "Rate": 8.4},{"Date": "1987-07-31", "Rate": 8.45},{"Date": "1987-08-31", "Rate": 8.76},{"Date": "1987-09-30", "Rate": 9.42},{"Date": "1987-10-31", "Rate": 9.52},{"Date": "1987-11-30", "Rate": 8.86},{"Date": "1987-12-31", "Rate": 8.99},{"Date": "1988-01-31", "Rate": 8.67},{"Date": "1988-02-29", "Rate": 8.21},{"Date": "1988-03-31", "Rate": 8.37},{"Date": "1988-04-30", "Rate": 8.72},{"Date": "1988-05-31", "Rate": 9.09},{"Date": "1988-06-30", "Rate": 8.92},{"Date": "1988-07-31", "Rate": 9.06},{"Date": "1988-08-31", "Rate": 9.26},{"Date": "1988-09-30", "Rate": 8.98},{"Date": "1988-10-31", "Rate": 8.8},{"Date": "1988-11-30", "Rate": 8.96},{"Date": "1988-12-31", "Rate": 9.11},{"Date": "1989-01-31", "Rate": 9.09},{"Date": "1989-02-28", "Rate": 9.17},{"Date": "1989-03-31", "Rate": 9.36},{"Date": "1989-04-30", "Rate": 9.18},{"Date": "1989-05-31", "Rate": 8.86},{"Date": "1989-06-30", "Rate": 8.28},{"Date": "1989-07-31", "Rate": 8.02},{"Date": "1989-08-31", "Rate": 8.11},{"Date": "1989-09-30", "Rate": 8.19},{"Date": "1989-10-31", "Rate": 8.01},{"Date": "1989-11-30", "Rate": 7.87},{"Date": "1989-12-31", "Rate": 7.84},{"Date": "1990-01-31", "Rate": 8.21},{"Date": "1990-02-28", "Rate": 8.47},{"Date": "1990-03-31", "Rate": 8.59},{"Date": "1990-04-30", "Rate": 8.79},{"Date": "1990-05-31", "Rate": 8.76},{"Date": "1990-06-30", "Rate": 8.48},{"Date": "1990-07-31", "Rate": 8.47},{"Date": "1990-08-31", "Rate": 8.75},{"Date": "1990-09-30", "Rate": 8.89},{"Date": "1990-10-31", "Rate": 8.72},{"Date": "1990-11-30", "Rate": 8.39},{"Date": "1990-12-31", "Rate": 8.08},{"Date": "1991-01-31", "Rate": 8.09},{"Date": "1991-02-28", "Rate": 7.85},{"Date": "1991-03-31", "Rate": 8.11},{"Date": "1991-04-30", "Rate": 8.04},{"Date": "1991-05-31", "Rate": 8.07},{"Date": "1991-06-30", "Rate": 8.28},{"Date": "1991-07-31", "Rate": 8.27},{"Date": "1991-08-31", "Rate": 7.9},{"Date": "1991-09-30", "Rate": 7.65},{"Date": "1991-10-31", "Rate": 7.53},{"Date": "1991-11-30", "Rate": 7.42},{"Date": "1991-12-31", "Rate": 7.09},{"Date": "1992-01-31", "Rate": 7.03},{"Date": "1992-02-29", "Rate": 7.34},{"Date": "1992-03-31", "Rate": 7.54},{"Date": "1992-04-30", "Rate": 7.48},{"Date": "1992-05-31", "Rate": 7.39},{"Date": "1992-06-30", "Rate": 7.26},{"Date": "1992-07-31", "Rate": 6.84},{"Date": "1992-08-31", "Rate": 6.59},{"Date": "1992-09-30", "Rate": 6.42},{"Date": "1992-10-31", "Rate": 6.59},{"Date": "1992-11-30", "Rate": 6.87},{"Date": "1992-12-31", "Rate": 6.77},{"Date": "1993-01-31", "Rate": 6.6},{"Date": "1993-02-28", "Rate": 6.26},{"Date": "1993-03-31", "Rate": 5.98},{"Date": "1993-04-30", "Rate": 5.97},{"Date": "1993-05-31", "Rate": 6.04},{"Date": "1993-06-30", "Rate": 5.96},{"Date": "1993-07-31", "Rate": 5.81},{"Date": "1993-08-31", "Rate": 5.68},{"Date": "1993-09-30", "Rate": 5.36},{"Date": "1993-10-31", "Rate": 5.33},{"Date": "1993-11-30", "Rate": 5.72},{"Date": "1993-12-31", "Rate": 5.77},{"Date": "1994-01-31", "Rate": 5.75},{"Date": "1994-02-28", "Rate": 5.97},{"Date": "1994-03-31", "Rate": 6.48},{"Date": "1994-04-30", "Rate": 6.97},{"Date": "1994-05-31", "Rate": 7.18},{"Date": "1994-06-30", "Rate": 7.1},{"Date": "1994-07-31", "Rate": 7.3},{"Date": "1994-08-31", "Rate": 7.24},{"Date": "1994-09-30", "Rate": 7.46},{"Date": "1994-10-31", "Rate": 7.74},{"Date": "1994-11-30", "Rate": 7.96},{"Date": "1994-12-31", "Rate": 7.81},{"Date": "1995-01-31", "Rate": 7.78},{"Date": "1995-02-28", "Rate": 7.47},{"Date": "1995-03-31", "Rate": 7.2},{"Date": "1995-04-30", "Rate": 7.06},{"Date": "1995-05-31", "Rate": 6.63},{"Date": "1995-06-30", "Rate": 6.17},{"Date": "1995-07-31", "Rate": 6.28},{"Date": "1995-08-31", "Rate": 6.49},{"Date": "1995-09-30", "Rate": 6.2},{"Date": "1995-10-31", "Rate": 6.04},{"Date": "1995-11-30", "Rate": 5.93},{"Date": "1995-12-31", "Rate": 5.71},{"Date": "1996-01-31", "Rate": 5.65},{"Date": "1996-02-29", "Rate": 5.81},{"Date": "1996-03-31", "Rate": 6.27},{"Date": "1996-04-30", "Rate": 6.51},{"Date": "1996-05-31", "Rate": 6.74},{"Date": "1996-06-30", "Rate": 6.91},{"Date": "1996-07-31", "Rate": 6.87},{"Date": "1996-08-31", "Rate": 6.64},{"Date": "1996-09-30", "Rate": 6.83},{"Date": "1996-10-31", "Rate": 6.53},{"Date": "1996-11-30", "Rate": 6.2},{"Date": "1996-12-31", "Rate": 6.3},{"Date": "1997-01-31", "Rate": 6.58},{"Date": "1997-02-28", "Rate": 6.42},{"Date": "1997-03-31", "Rate": 6.69},{"Date": "1997-04-30", "Rate": 6.89},{"Date": "1997-05-31", "Rate": 6.71},{"Date": "1997-06-30", "Rate": 6.49},{"Date": "1997-07-31", "Rate": 6.22},{"Date": "1997-08-31", "Rate": 6.3},{"Date": "1997-09-30", "Rate": 6.21},{"Date": "1997-10-31", "Rate": 6.03},{"Date": "1997-11-30", "Rate": 5.88},{"Date": "1997-12-31", "Rate": 5.81},{"Date": "1998-01-31", "Rate": 5.54},{"Date": "1998-02-28", "Rate": 5.57},{"Date": "1998-03-31", "Rate": 5.65},{"Date": "1998-04-30", "Rate": 5.64},{"Date": "1998-05-31", "Rate": 5.65},{"Date": "1998-06-30", "Rate": 5.5},{"Date": "1998-07-31", "Rate": 5.46},{"Date": "1998-08-31", "Rate": 5.34},{"Date": "1998-09-30", "Rate": 4.81},{"Date": "1998-10-31", "Rate": 4.53},{"Date": "1998-11-30", "Rate": 4.83},{"Date": "1998-12-31", "Rate": 4.65},{"Date": "1999-01-31", "Rate": 4.72},{"Date": "1999-02-28", "Rate": 5.0},{"Date": "1999-03-31", "Rate": 5.23},{"Date": "1999-04-30", "Rate": 5.18},{"Date": "1999-05-31", "Rate": 5.54},{"Date": "1999-06-30", "Rate": 5.9},{"Date": "1999-07-31", "Rate": 5.79},{"Date": "1999-08-31", "Rate": 5.94},{"Date": "1999-09-30", "Rate": 5.92},{"Date": "1999-10-31", "Rate": 6.11},{"Date": "1999-11-30", "Rate": 6.03},{"Date": "1999-12-31", "Rate": 6.28},{"Date": "2000-01-31", "Rate": 6.66},{"Date": "2000-02-29", "Rate": 6.52},{"Date": "2000-03-31", "Rate": 6.26},{"Date": "2000-04-30", "Rate": 5.99},{"Date": "2000-05-31", "Rate": 6.44},{"Date": "2000-06-30", "Rate": 6.1},{"Date": "2000-07-31", "Rate": 6.05},{"Date": "2000-08-31", "Rate": 5.83},{"Date": "2000-09-30", "Rate": 5.8},{"Date": "2000-10-31", "Rate": 5.74},{"Date": "2000-11-30", "Rate": 5.72},{"Date": "2000-12-31", "Rate": 5.24},{"Date": "2001-01-31", "Rate": 5.16},{"Date": "2001-02-28", "Rate": 5.1},{"Date": "2001-03-31", "Rate": 4.89},{"Date": "2001-04-30", "Rate": 5.14},{"Date": "2001-05-31", "Rate": 5.39},{"Date": "2001-06-30", "Rate": 5.28},{"Date": "2001-07-31", "Rate": 5.24},{"Date": "2001-08-31", "Rate": 4.97},{"Date": "2001-09-30", "Rate": 4.73},{"Date": "2001-10-31", "Rate": 4.57},{"Date": "2001-11-30", "Rate": 4.65},{"Date": "2001-12-31", "Rate": 5.09},{"Date": "2002-01-31", "Rate": 5.04},{"Date": "2002-02-28", "Rate": 4.91},{"Date": "2002-03-31", "Rate": 5.28},{"Date": "2002-04-30", "Rate": 5.21},{"Date": "2002-05-31", "Rate": 5.16},{"Date": "2002-06-30", "Rate": 4.93},{"Date": "2002-07-31", "Rate": 4.65},{"Date": "2002-08-31", "Rate": 4.26},{"Date": "2002-09-30", "Rate": 3.87},{"Date": "2002-10-31", "Rate": 3.94},{"Date": "2002-11-30", "Rate": 4.05},{"Date": "2002-12-31", "Rate": 4.03},{"Date": "2003-01-31", "Rate": 4.05},{"Date": "2003-02-28", "Rate": 3.9},{"Date": "2003-03-31", "Rate": 3.81},{"Date": "2003-04-30", "Rate": 3.96},{"Date": "2003-05-31", "Rate": 3.57},{"Date": "2003-06-30", "Rate": 3.33},{"Date": "2003-07-31", "Rate": 3.98},{"Date": "2003-08-31", "Rate": 4.45},{"Date": "2003-09-30", "Rate": 4.27},{"Date": "2003-10-31", "Rate": 4.29},{"Date": "2003-11-30", "Rate": 4.3},{"Date": "2003-12-31", "Rate": 4.27},{"Date": "2004-01-31", "Rate": 4.15},{"Date": "2004-02-29", "Rate": 4.08},{"Date": "2004-03-31", "Rate": 3.83},{"Date": "2004-04-30", "Rate": 4.35},{"Date": "2004-05-31", "Rate": 4.72},{"Date": "2004-06-30", "Rate": 4.73},{"Date": "2004-07-31", "Rate": 4.5},{"Date": "2004-08-31", "Rate": 4.28},{"Date": "2004-09-30", "Rate": 4.13},{"Date": "2004-10-31", "Rate": 4.1},{"Date": "2004-11-30", "Rate": 4.19},{"Date": "2004-12-31", "Rate": 4.23},{"Date": "2005-01-31", "Rate": 4.22},{"Date": "2005-02-28", "Rate": 4.17},{"Date": "2005-03-31", "Rate": 4.5},{"Date": "2005-04-30", "Rate": 4.34},{"Date": "2005-05-31", "Rate": 4.14},{"Date": "2005-06-30", "Rate": 4.0},{"Date": "2005-07-31", "Rate": 4.18},{"Date": "2005-08-31", "Rate": 4.26},{"Date": "2005-09-30", "Rate": 4.2},{"Date": "2005-10-31", "Rate": 4.46},{"Date": "2005-11-30", "Rate": 4.54},{"Date": "2005-12-31", "Rate": 4.47},{"Date": "2006-01-31", "Rate": 4.42},{"Date": "2006-02-28", "Rate": 4.57},{"Date": "2006-03-31", "Rate": 4.72},{"Date": "2006-04-30", "Rate": 4.99},{"Date": "2006-05-31", "Rate": 5.11},{"Date": "2006-06-30", "Rate": 5.11},{"Date": "2006-07-31", "Rate": 5.09},{"Date": "2006-08-31", "Rate": 4.88},{"Date": "2006-09-30", "Rate": 4.72},{"Date": "2006-10-31", "Rate": 4.73},{"Date": "2006-11-30", "Rate": 4.6},{"Date": "2006-12-31", "Rate": 4.56},{"Date": "2007-01-31", "Rate": 4.76},{"Date": "2007-02-28", "Rate": 4.72},{"Date": "2007-03-31", "Rate": 4.56},{"Date": "2007-04-30", "Rate": 4.69},{"Date": "2007-05-31", "Rate": 4.75},{"Date": "2007-06-30", "Rate": 5.1},{"Date": "2007-07-31", "Rate": 5.0},{"Date": "2007-08-31", "Rate": 4.67},{"Date": "2007-09-30", "Rate": 4.52},{"Date": "2007-10-31", "Rate": 4.53},{"Date": "2007-11-30", "Rate": 4.15},{"Date": "2007-12-31", "Rate": 4.1},{"Date": "2008-01-31", "Rate": 3.74},{"Date": "2008-02-29", "Rate": 3.74},{"Date": "2008-03-31", "Rate": 3.51},{"Date": "2008-04-30", "Rate": 3.68},{"Date": "2008-05-31", "Rate": 3.88},{"Date": "2008-06-30", "Rate": 4.1},{"Date": "2008-07-31", "Rate": 4.01},{"Date": "2008-08-31", "Rate": 3.89},{"Date": "2008-09-30", "Rate": 3.69},{"Date": "2008-10-31", "Rate": 3.81},{"Date": "2008-11-30", "Rate": 3.53},{"Date": "2008-12-31", "Rate": 2.42},{"Date": "2009-01-31", "Rate": 2.52},{"Date": "2009-02-28", "Rate": 2.87},{"Date": "2009-03-31", "Rate": 2.82},{"Date": "2009-04-30", "Rate": 2.93},{"Date": "2009-05-31", "Rate": 3.29},{"Date": "2009-06-30", "Rate": 3.72},{"Date": "2009-07-31", "Rate": 3.56},{"Date": "2009-08-31", "Rate": 3.59},{"Date": "2009-09-30", "Rate": 3.4},{"Date": "2009-10-31", "Rate": 3.39},{"Date": "2009-11-30", "Rate": 3.4},{"Date": "2009-12-31", "Rate": 3.59},{"Date": "2010-01-31", "Rate": 3.73},{"Date": "2010-02-28", "Rate": 3.69},{"Date": "2010-03-31", "Rate": 3.73},{"Date": "2010-04-30", "Rate": 3.85},{"Date": "2010-05-31", "Rate": 3.42},{"Date": "2010-06-30", "Rate": 3.2},{"Date": "2010-07-31", "Rate": 3.01},{"Date": "2010-08-31", "Rate": 2.7},{"Date": "2010-09-30", "Rate": 2.65},{"Date": "2010-10-31", "Rate": 2.54},{"Date": "2010-11-30", "Rate": 2.76},{"Date": "2010-12-31", "Rate": 3.29},{"Date": "2011-01-31", "Rate": 3.39},{"Date": "2011-02-28", "Rate": 3.58},{"Date": "2011-03-31", "Rate": 3.41},{"Date": "2011-04-30", "Rate": 3.46},{"Date": "2011-05-31", "Rate": 3.17},{"Date": "2011-06-30", "Rate": 3.0},{"Date": "2011-07-31", "Rate": 3.0},{"Date": "2011-08-31", "Rate": 2.3},{"Date": "2011-09-30", "Rate": 1.98},{"Date": "2011-10-31", "Rate": 2.15},{"Date": "2011-11-30", "Rate": 2.01},{"Date": "2011-12-31", "Rate": 1.98},{"Date": "2012-01-31", "Rate": 1.97},{"Date": "2012-02-29", "Rate": 1.97},{"Date": "2012-03-31", "Rate": 2.17},{"Date": "2012-04-30", "Rate": 2.05},{"Date": "2012-05-31", "Rate": 1.8},{"Date": "2012-06-30", "Rate": 1.62},{"Date": "2012-07-31", "Rate": 1.53},{"Date": "2012-08-31", "Rate": 1.68},{"Date": "2012-09-30", "Rate": 1.72},{"Date": "2012-10-31", "Rate": 1.75},{"Date": "2012-11-30", "Rate": 1.65},{"Date": "2012-12-31", "Rate": 1.72},{"Date": "2013-01-31", "Rate": 1.91},{"Date": "2013-02-28", "Rate": 1.98},{"Date": "2013-03-31", "Rate": 1.96},{"Date": "2013-04-30", "Rate": 1.76},{"Date": "2013-05-31", "Rate": 1.93},{"Date": "2013-06-30", "Rate": 2.3},{"Date": "2013-07-31", "Rate": 2.58},{"Date": "2013-08-31", "Rate": 2.74},{"Date": "2013-09-30", "Rate": 2.81},{"Date": "2013-10-31", "Rate": 2.62},{"Date": "2013-11-30", "Rate": 2.72},{"Date": "2013-12-31", "Rate": 2.9},{"Date": "2014-01-31", "Rate": 2.86},{"Date": "2014-02-28", "Rate": 2.71},{"Date": "2014-03-31", "Rate": 2.72},{"Date": "2014-04-30", "Rate": 2.71},{"Date": "2014-05-31", "Rate": 2.56},{"Date": "2014-06-30", "Rate": 2.6},{"Date": "2014-07-31", "Rate": 2.54},{"Date": "2014-08-31", "Rate": 2.42},{"Date": "2014-09-30", "Rate": 2.53},{"Date": "2014-10-31", "Rate": 2.3},{"Date": "2014-11-30", "Rate": 2.33},{"Date": "2014-12-31", "Rate": 2.21},{"Date": "2015-01-31", "Rate": 1.88},{"Date": "2015-02-28", "Rate": 1.98},{"Date": "2015-03-31", "Rate": 2.04},{"Date": "2015-04-30", "Rate": 1.94},{"Date": "2015-05-31", "Rate": 2.2},{"Date": "2015-06-30", "Rate": 2.36},{"Date": "2015-07-31", "Rate": 2.32},{"Date": "2015-08-31", "Rate": 2.17},{"Date": "2015-09-30", "Rate": 2.17},{"Date": "2015-10-31", "Rate": 2.07},{"Date": "2015-11-30", "Rate": 2.26},{"Date": "2015-12-31", "Rate": 2.24},{"Date": "2016-01-31", "Rate": 2.09},{"Date": "2016-02-29", "Rate": 1.78},{"Date": "2016-03-31", "Rate": 1.89},{"Date": "2016-04-30", "Rate": 1.81},{"Date": "2016-05-31", "Rate": 1.81},{"Date": "2016-06-30", "Rate": 1.64},{"Date": "2016-07-31", "Rate": 1.5},{"Date": "2016-08-31", "Rate": 1.56},{"Date": "2016-09-30", "Rate": 1.63},{"Date": "2016-10-31", "Rate": 1.76},{"Date": "2016-11-30", "Rate": 2.14},{"Date": "2016-12-31", "Rate": 2.49},{"Date": "2017-01-31", "Rate": 2.43},{"Date": "2017-02-28", "Rate": 2.42},{"Date": "2017-03-31", "Rate": 2.48},{"Date": "2017-04-30", "Rate": 2.3},{"Date": "2017-05-31", "Rate": 2.3},{"Date": "2017-06-30", "Rate": 2.19},{"Date": "2017-07-31", "Rate": 2.32},{"Date": "2017-08-31", "Rate": 2.21},{"Date": "2017-09-30", "Rate": 2.2},{"Date": "2017-10-31", "Rate": 2.36},{"Date": "2017-11-30", "Rate": 2.35},{"Date": "2017-12-31", "Rate": 2.4},{"Date": "2018-01-31", "Rate": 2.58},{"Date": "2018-02-28", "Rate": 2.86},{"Date": "2018-03-31", "Rate": 2.84},{"Date": "2018-04-30", "Rate": 2.87},{"Date": "2018-05-31", "Rate": 2.98},{"Date": "2018-06-30", "Rate": 2.91},{"Date": "2018-07-31", "Rate": 2.89},{"Date": "2018-08-31", "Rate": 2.89},{"Date": "2018-09-30", "Rate": 3.0},{"Date": "2018-10-31", "Rate": 3.15},{"Date": "2018-11-30", "Rate": 3.12},{"Date": "2018-12-31", "Rate": 2.83},{"Date": "2019-01-31", "Rate": 2.71},{"Date": "2019-02-28", "Rate": 2.68},{"Date": "2019-03-31", "Rate": 2.57},{"Date": "2019-04-30", "Rate": 2.53},{"Date": "2019-05-31", "Rate": 2.4},{"Date": "2019-06-30", "Rate": 2.07},{"Date": "2019-07-31", "Rate": 2.06},{"Date": "2019-08-31", "Rate": 1.63},{"Date": "2019-09-30", "Rate": 1.7},{"Date": "2019-10-31", "Rate": 1.71},{"Date": "2019-11-30", "Rate": 1.81},{"Date": "2019-12-31", "Rate": 1.86},{"Date": "2020-01-31", "Rate": 1.76},{"Date": "2020-02-29", "Rate": 1.5},{"Date": "2020-03-31", "Rate": 0.87},{"Date": "2020-04-30", "Rate": 0.66},{"Date": "2020-05-31", "Rate": 0.67},{"Date": "2020-06-30", "Rate": 0.73},{"Date": "2020-07-31", "Rate": 0.62}]